Seccion,Categoría,Subcategoría,Concepto,Descripción,Url,Complejidad tecnica,Complejidad tactica,Enfoque Tecnico/Tactico,Nivel
Ataque,Técnica Individual,Cambios Dirección,Cambios de dirección,(Sin descripción específica),https://youtu.be/,1,0,Concepto base: alterar la trayectoria de desplazamiento.,1
Ataque,Técnica Individual,Finalizaciones,Finalizaciones,(Sin descripción específica),https://youtu.be/,1,0,Concepto base de culminar al aro.,1
Ataque,Técnica Individual,Manejo de balón,Manejo de balón,(Sin descripción específica),https://youtu.be/,1,0,Concepto general de ball handling.,1
Ataque,Técnica Individual,Paradas,Paradas,(Sin descripción específica),https://youtu.be/,1,0,Control del cuerpo para detener la inercia.,1
Ataque,Técnica Individual,Pase,Pase,(Sin descripción específica),https://youtu.be/,1,0,Mecánica básica de transmisión del balón.,1
Ataque,Técnica Individual,Salidas,Salidas,(Sin descripción específica),https://youtu.be/,1,0,Concepto de iniciar el movimiento desde parado.,1
Ataque,Técnica Individual,Tiro,Tiro,(Sin descripción específica),https://youtu.be/,2,0,Acción básica de lanzar a canasta.,1
Ataque,Técnica Individual,Cambios Dirección,Cambio por delante,(Sin descripción específica),https://youtu.be/,2,0,Crossover básico: cambio de mano frontal protegiendo el balón.,2
Ataque,Técnica Individual,Finalizaciones,Abrazar balón,Finalización sencilla de trabajar...,https://youtu.be/Yfa-_diETdc,2,0,Proteger balón pegándolo al pecho en el tráfico.,2
Ataque,Técnica Individual,Finalizaciones,Finalización tras pase,(Sin descripción específica),https://youtu.be/,3,0,Coordinación recepción-tiro sin pasos de más.,2
Ataque,Técnica Individual,Manejo de balón,Bote de velocidad,(Sin descripción específica),https://youtu.be/8PXFc9SbdLM,2,0,Empujar balón hacia delante para máxima carrera.,2
Ataque,Técnica Individual,Manejo de balón,Bote protección,Bote que se realiza para evitar...,https://youtu.be/Z94GPkvjb6U,3,0,Uso del cuerpo y brazo libre como escudo.,2
Ataque,Técnica Individual,Paradas,Dos tiempos exterior,(Sin descripción específica),https://youtu.be/iaIDwhAfKO0,3,0,Parada 1-2 apoyando primero el pie lejano al aro.,2
Ataque,Técnica Individual,Paradas,Dos tiempos interior,(Sin descripción específica),https://youtu.be/Yk8XWQqxRgo,3,0,Parada 1-2 apoyando primero el pie cercano al aro.,2
Ataque,Técnica Individual,Paradas,Parada Un tiempo,(Sin descripción específica),https://youtu.be/Dz4aBGw0UJY,4,0,Caer con ambos pies simultáneamente para elegir pivote.,2
Ataque,Técnica Individual,Pase,Mano a mano,(Sin descripción específica),https://youtu.be/,2,0,Entrega del balón a corta distancia (Handoff).,2
Ataque,Técnica Individual,Salidas,Salida abierta,(Sin descripción específica),https://youtu.be/,2,0,Salida con el pie del mismo lado del balón (rápida).,2
Ataque,Técnica Individual,Salidas,Salida cruzada,(Sin descripción específica),https://youtu.be/mHdMmlyK5CY,2,0,Cruzar pierna y balón para proteger la salida.,2
Ataque,Técnica Individual,Tiro,Mecanica tiro,(Sin descripción específica),https://youtu.be/,6,0,Ejecución técnica correcta del lanzamiento (Codo Muñeca).,2
Ataque,Técnica Individual,Tiro,Tiro libre,(Sin descripción específica),https://youtu.be/OPTmkIjH0OQ,3,0,Mecánica repetitiva y rutina mental sin oposición.,2
Ataque,Táctica Individual,Juego con balón,Si def esta cerca ataco,(Sin descripción específica),https://youtu.be/,4,6,Principio de lectura: castigar la presión.,2
Ataque,Táctica Individual,Juego con balón,Si def esta lejos tiro,(Sin descripción específica),https://youtu.be/,4,5,Principio de lectura: castigar el espacio (flotación).,2
Ataque,Táctica Individual,Juego sin balon,Cambio chip defensa/ataque,(Sin descripción específica),https://youtu.be/,0,8,Velocidad de reacción mental en transiciones.,2
Ataque,Táctica Individual,Juego sin balon,Corte a canasta,(Sin descripción específica),https://youtu.be/xjcFgK4ch84,3,7,Timing para ocupar el espacio vacío en el momento justo.,2
Ataque,Táctica Individual,Juego sin balon,Juego sin balón,(Sin descripción específica),https://youtu.be/,0,5,Concepto general de actividad ofensiva sin posesión.,2
Ataque,Táctica Individual,Juego sin balon,Pasar y moverse,(Sin descripción específica),https://youtu.be/,2,6,Hábito táctico básico (Give & Go).,2
Ataque,Táctica Colectiva,Contrataque,Contrataque,(Sin descripción específica),https://youtu.be/_lpdZPl5B_8,0,5,Concepto de transición rápida defensa-ataque.,2
Ataque,Táctica Colectiva,Juego colectivo,Pasar y cortar,(Sin descripción específica),https://youtu.be/eFjAAlEegIU,2,5,Principio básico de movimiento tras soltar balón.,2
Ataque,Técnica Individual,Cambios Dirección,Bote escapatoria,"Gesto técnico importante. Desbloquear la muñeca, botar hacia atrás...",https://youtu.be/dZRyT-oHN_g,3,0,Desbloquear muñeca y botar hacia atrás con pasos cortos.,3
Ataque,Técnica Individual,Cambios Dirección,Bote lateral,Para ser capaz de hacer bien el bote lateral...,https://youtu.be/oPVTlJwTBUU,3,0,Disociar bote y pies para cubrir espacio lateralmente.,3
Ataque,Técnica Individual,Cambios Dirección,Cambio debajo de piernas,(Sin descripción específica),https://youtu.be/dAyxIYeP_PA,5,0,Coordinación espacial para pasar el balón sin golpear la pierna.,3
Ataque,Técnica Individual,Cambios Dirección,Finta de penetración,(Sin descripción específica),https://youtu.be/NFdUx6ivCOg,4,0,Coordinación de ojos hombros y pies para vender la acción.,3
Ataque,Técnica Individual,Cambios Dirección,In & out,(Sin descripción específica),https://youtu.be/v-g2KdSR3_o,4,0,Muñeca activa (adentro-afuera) simulando cambio de dirección.,3
Ataque,Técnica Individual,Cambios Dirección,Stop & go,Acción técnica simple...,https://youtu.be/xEB6XKuM3FI,4,0,Cambio drástico de ritmo (frenar en seco y arrancar).,3
Ataque,Técnica Individual,Finalizaciones,Doble paso rapido,(Sin descripción específica),https://youtu.be/4DyVSW3hnWY,3,0,Aceleración de los dos últimos apoyos para sorprender.,3
Ataque,Técnica Individual,Finalizaciones,Paradas un tiempo + pivote,(Sin descripción específica),https://youtu.be/3M51RdkCjHI,5,0,Fuerza de piernas para frenar y girar controlando.,3
Ataque,Técnica Individual,Manejo de balón,Bote mano no dominante,(Sin descripción específica),https://youtu.be/,4,0,"Igualar destreza con la mano ""mala"".",3
Ataque,Técnica Individual,Manejo de balón,Disociar bote y visión,(Sin descripción específica),https://youtu.be/,5,0,Botar sin mirar el balón (cabeza levantada).,3
Ataque,Técnica Individual,Manejo de balón,Ritmos de bote,(Sin descripción específica),https://youtu.be/,5,0,Alternar botes fuertes/suaves/rápidos/lentos.,3
Ataque,Técnica Individual,Manejo de balón,Tension bote,(Sin descripción específica),https://youtu.be/,4,0,Botar con fuerza para reducir tiempo balón-suelo.,3
Ataque,Técnica Individual,Pase,Finta de pase,(Sin descripción específica),https://youtu.be/,4,0,Engaño con mirada y extensión de brazos sin soltar balón.,3
Ataque,Técnica Individual,Poste bajo,Duck in,Acción de ganar espacio cerca del aro...,https://youtu.be/q2rj_Fy91w0,4,0,Sellar al defensor agresivamente bajo el aro.,3
Ataque,Técnica Individual,Poste bajo,Paradas + pivotes,(Sin descripción específica),https://youtu.be/,4,0,Fundamento de pies para jugar de espaldas.,3
Ataque,Técnica Individual,Poste bajo,Pivote exterior,Consiste en pivotar para encarar...,https://youtu.be/ojsgOPPRIOQ,4,0,Abrirse para jugar de cara tras recibir de espaldas.,3
Ataque,Técnica Individual,Poste bajo,Poste bajo,(Sin descripción específica),https://youtu.be/,1,0,Concepto general de juego interior.,3
Ataque,Técnica Individual,Salidas,Finta de salida,Finta de salida o jab step...,https://youtu.be/Cl3DnfdbE90,3,0,Jab step: finta agresiva con el pie libre.,3
Ataque,Técnica Individual,Tiro,Finta de tiro,(Sin descripción específica),https://youtu.be/x9w5uQ_H3zM,3,0,Engaño visual y corporal para levantar al defensa.,3
Ataque,Técnica Individual,Tiro,Selección de tiro,(Sin descripción específica),https://youtu.be/,4,0,Capacidad cognitiva (IQ) de elegir el buen tiro.,3
Ataque,Táctica Individual,Juego con balón,1x1,(Sin descripción específica),https://youtu.be/,5,7,Leer al defensor + habilidades de desborde.,3
Ataque,Táctica Individual,Juego con balón,1x1 en carrera,(Sin descripción específica),https://youtu.be/,6,6,Manejo a velocidad + toma de decisiones rápida.,3
Ataque,Táctica Individual,Juego sin balon,JSB ante 1x1. Exterior,(Sin descripción específica),https://youtu.be/jSXi23WvkBQ,2,7,Espaciado (Spacing) y líneas de pase de seguridad.,3
Ataque,Táctica Individual,Juego sin balon,JSB para recibir,(Sin descripción específica),https://youtu.be/Qro2_nQWk-w,4,6,Trabajo de pies en V-cuts o L-cuts para desmarcarse.,3
Ataque,Táctica Individual,Juego sin balon,Ocupación espacios,(Sin descripción específica),https://youtu.be/,0,9,Comprensión del Spacing y geometría de cancha.,3
Ataque,Táctica Individual,Juego sin balon,Puerta atrás,Jugada ofensiva en la que un jugador...,https://youtu.be/QklsVZIBu6k,4,8,Castigar la sobre-presión defensiva (Backdoor).,3
Ataque,Táctica Individual,Juego sin balon,Rebote ofensivo,(Sin descripción específica),https://youtu.be/,4,7,Intuición de rechace + técnica de bloqueo/salto.,3
Ataque,Táctica Individual,Juego sin balon,Respeto espacios,(Sin descripción específica),https://youtu.be/,0,8,Disciplina táctica para no colapsar el ataque.,3
Ataque,Táctica Colectiva,Contrataque,Atacar por centro,(Sin descripción específica),https://youtu.be/,5,6,Ocupación del carril central (Rim run / Base).,3
Ataque,Táctica Colectiva,Contrataque,Calles contrataque,(Sin descripción específica),https://youtu.be/,2,5,Estructura espacial: quién corre por dónde.,3
Ataque,Táctica Colectiva,Contrataque,CTQ. Atacar por banda,(Sin descripción específica),https://youtu.be/,4,5,Correr abierto para ensanchar el campo (Wide).,3
Ataque,Táctica Colectiva,Juego colectivo,Inversión de balón,(Sin descripción específica),https://youtu.be/,2,7,Cambiar el balón de lado para mover la defensa.,3
Ataque,Táctica Colectiva,Juego colectivo,Ocupacion esquina,(Sin descripción específica),https://youtu.be/,0,6,Corner fill: Estirar la defensa al máximo.,3
Ataque,Táctica Colectiva,Juego colectivo,Remplazar posiciones,(Sin descripción específica),https://youtu.be/,0,6,Fill: Ocupar el espacio dejado por el compañero.,3
Ataque,Técnica Individual,Cambios Dirección,Cambio por detrás,(Sin descripción específica),https://youtu.be/VVIsHHELmsc,7,0,Wrap: pasar el balón tras la espalda ocultándolo del defensor.,4
Ataque,Técnica Individual,Cambios Dirección,Jab cross,Cambio de dirección de dificultad media...,https://youtu.be/1_9nqqanix8,4,0,Disociación fuerte: balón a un lado y finta corporal al opuesto.,4
Ataque,Técnica Individual,Cambios Dirección,Latigo,(Sin descripción específica),https://youtu.be/in8XqNvTbzE,4,0,Bote rápido y seco para manipular el timing del defensor.,4
Ataque,Técnica Individual,Cambios Dirección,Reverso,(Sin descripción específica),https://youtu.be/M0t_7FnnEtE,7,0,Giro completo sobre eje corporal protegiendo balón.,4
Ataque,Técnica Individual,Cambios Dirección,Shot fake hesitation,Vídeo: Xuancar Navarro,https://youtu.be/sgV4rjRJpOM,4,0,Levantar centro de gravedad y mirada simulando tiro.,4
Ataque,Técnica Individual,Cambios Dirección,Shoulder hesitation,Acción similar al stop and go...,https://youtu.be/qKm9FZNuMsQ,4,0,Girar hombros simulando pausa antes de explotar velocidad.,4
Ataque,Técnica Individual,Cambios Dirección,Skip Step,Acción de juego sobre bote...,https://youtu.be/7qjDQAFTvPI,4,0,Mantener bote vivo mientras se recolocan los pies en el aire.,4
Ataque,Técnica Individual,Finalizaciones,Euro step,Finalización sencilla. Cómo se hace...,https://youtu.be/Nfp0PGRlfjg,7,0,Cambio lateral de dirección en los apoyos de entrada.,4
Ataque,Técnica Individual,Finalizaciones,Finaliza. alrededor cintura,Cómo se hace: En el primer apoyo...,https://youtu.be/Z-0414kODIs,5,0,Mover balón circularmente para evitar manos rápidas.,4
Ataque,Técnica Individual,Finalizaciones,Finaliza. Aro pasado,(Sin descripción específica),https://youtu.be/8Frx5HWiekM,6,0,Uso del aro como protección contra el tapón.,4
Ataque,Técnica Individual,Finalizaciones,Parada dos tiempos + giro,Finalización para fintar el tiro...,https://youtu.be/ET3AnY0muKE,6,0,Pivote ofensivo tras parada para ganar ángulo.,4
Ataque,Técnica Individual,Finalizaciones,Paso corto paso largo,(Sin descripción específica),https://youtu.be/t_ydSXi1Xlk,5,0,Alteración del ritmo de los apoyos (Timing).,4
Ataque,Técnica Individual,Finalizaciones,Spin move,Cómo se hace: Entrada en reverso...,https://youtu.be/NApZ3_Zqzug,7,0,Giro 360 sobre el defensor en la entrada a canasta.,4
Ataque,Técnica Individual,Manejo de balón,Bote Uso hemisferios,(Sin descripción específica),https://youtu.be/jVWhtDN6KSo,6,0,Independencia corporal (pies vs manos).,4
Ataque,Técnica Individual,Pase,Pase a poste bajo,Si el atacante no tiene contacto...,https://youtu.be/b4VrN0hQ-x8,5,0,Ángulo y tensión correcta para alimentar al interior.,4
Ataque,Técnica Individual,Pase,Pase de bolos,Pase poco utilizado...,https://youtu.be/iryQ0qDOadk,4,0,Pase una mano por bajo para salida de contraataque.,4
Ataque,Técnica Individual,Pase,Pase de gancho,(Sin descripción específica),https://youtu.be/pPG-J-3OqUQ,6,0,Pase lateral sobre la defensa usando el brazo exterior.,4
Ataque,Técnica Individual,Pase,Pase tras bote,(Sin descripción específica),https://youtu.be/b8O6W1NOLrY,5,0,Ejecutar pase directo desde el drible (una sola mano).,4
Ataque,Técnica Individual,Poste bajo,1 bote + reverso,(Sin descripción específica),https://youtu.be/xzV4qF8vWFs,6,0,Ganar posición y girar rápido sobre el defensor.,4
Ataque,Técnica Individual,Poste bajo,Back down,(Sin descripción específica),https://youtu.be/g0uODB3wzbo,3,0,Driblar de espaldas para ganar espacio físico.,4
Ataque,Técnica Individual,Poste bajo,Dos apoyos + extension,(Sin descripción específica),https://youtu.be/yrL2TZR0bgw,5,0,Potencia de piernas y extensión de brazo (gancho).,4
Ataque,Técnica Individual,Poste bajo,Drop step,(Sin descripción específica),https://youtu.be/Df8bnmzT4mE,6,0,Paso de caída envolviendo la pierna del defensor.,4
Ataque,Técnica Individual,Poste bajo,Gancho,(Sin descripción específica),https://youtu.be/jDS3oB5ROsk,5,0,Tiro con una mano protegiendo con el cuerpo (Hook shot).,4
Ataque,Técnica Individual,Salidas,Abierta mano cambiada,Esta salida es una alternativa...,https://youtu.be/H4w7YmP7YbE,4,0,Soltar balón con mano opuesta al pie de salida.,4
Ataque,Técnica Individual,Salidas,Salida abierta con bote previo,Salida que consiste en dar un bote...,https://youtu.be/I8qtq2upI3Q,5,0,Bote preparatorio para evitar pasos de salida.,4
Ataque,Técnica Individual,Tiro,Hop,Gesto importante para conseguir fluidez...,https://youtu.be/F4Wm73EVWSs,5,0,Pequeño salto de ajuste antes de recibir para tirar.,4
Ataque,Técnica Individual,Tiro,Tiro tras bote,(Sin descripción específica),https://youtu.be/,6,0,Pull-up: transición fluida de dribling a lanzamiento.,4
Ataque,Técnica Individual,Tiro,Volumen de tiro,(Sin descripción específica),https://youtu.be/,0,0,Concepto estadístico (repetición y consistencia).,4
Ataque,Táctica Individual,Juego con balón,Atacar closeout,(Sin descripción específica),https://youtu.be/yljitJ1tP8w,5,8,Lectura de la inercia defensiva (tiro vs penetración).,4
Ataque,Táctica Individual,Juego con balón,Penetrar y pasar,Acción básica del juego colectivo...,https://youtu.be/57vVI-ZUxDY,5,8,Técnica de pase + lectura de ayudas (Drive & Kick).,4
Ataque,Táctica Individual,Juego sin balon,JSB ante 1x1. Interior,(Sin descripción específica),https://youtu.be/HWwa9luUgG0,2,7,Moverse en función de la penetración (Círculos).,4
Ataque,Táctica Colectiva,Bloqueo directo,Bloqueador,(Sin descripción específica),https://youtu.be/,4,7,Técnica de poner el bloqueo y ángulo correcto.,4
Ataque,Táctica Colectiva,Bloqueo directo,Bloqueo directo,(Sin descripción específica),https://youtu.be/,0,5,Concepto general del P&R.,4
Ataque,Táctica Colectiva,Bloqueo directo,Pick and pop,(Sin descripción específica),https://youtu.be/omGrFbU0ls4,5,7,Abrirse para tirar tras bloquear (Lectura de espacio).,4
Ataque,Táctica Colectiva,Bloqueo directo,Pick and roll,(Sin descripción específica),https://youtu.be/,4,6,Continuación hacia el aro (Ejecución básica).,4
Ataque,Táctica Colectiva,Bloqueo indirecto,Bloqueo Ciego,Video: Juan Carlos Garcia,https://youtu.be/8Zi6FHvF1yM,4,7,Sorpresa: Bloquear la espalda del defensor (Back screen).,4
Ataque,Táctica Colectiva,Bloqueo indirecto,Bloqueo indirecto,(Sin descripción específica),https://youtu.be/,0,5,Concepto general de liberar a un compañero sin balón.,4
Ataque,Táctica Colectiva,Bloqueo indirecto,Juego sin balon. Meter def en bi,(Sin descripción específica),https://youtu.be/,3,7,Setup: Llevar al defensor contra el bloqueo.,4
Ataque,Táctica Colectiva,Contrataque,Pase apertura,(Sin descripción específica),https://youtu.be/mq50jydCwQ0,6,7,Outlet pass: Primer pase rápido tras rebote.,4
Ataque,Táctica Colectiva,Contrataque,Superioridades,(Sin descripción específica),https://youtu.be/,4,9,Resolver 2x1 3x2 (Spacing y toma de decisión).,4
Ataque,Táctica Colectiva,Contrataque,Touchdown pass,(Sin descripción específica),https://youtu.be/gxbDyyUShnM,7,6,Pase de campo entero (beisbol) tras canasta/rebote.,4
Ataque,Táctica Colectiva,Contrataque,Trailer,(Sin descripción específica),https://youtu.be/,3,6,Llegada del hombre grande en segunda oleada.,4
Ataque,Táctica Colectiva,Contrataque,Transicion,(Sin descripción específica),https://youtu.be/,0,6,Fase intermedia entre contraataque y estático.,4
Ataque,Táctica Colectiva,Juego colectivo,Extra pass,(Sin descripción específica),https://youtu.be/gAaXFvqQQ70,3,9,Renunciar a un buen tiro por uno excelente.,4
Ataque,Táctica Colectiva,Juego colectivo,Salida de presión,(Sin descripción específica),https://youtu.be/,5,8,Organización para superar defensa toda pista.,4
Ataque,Táctica Colectiva,Mano a mano,Mano a mano,(Sin descripción específica),https://youtu.be/,3,6,DHO: Concepto de bloqueo dinámico con entrega.,4
Ataque,Estrategia,Fondos/Bandas,(Sin conceptos específicos),(Sin descripción específica),https://youtu.be/,0,9,Sistemas de saque (SLOB/BLOB).,4
Ataque,Estrategia,Transición ofensiva,(Sin conceptos específicos),(Sin descripción específica),https://youtu.be/,0,8,Llegada jugando (Early offense).,4
Ataque,Técnica Individual,Cambios Dirección,Cambio por detrás velocidad,Mano justo detrás del balón...,https://youtu.be/aco0FWDXBCE,9,0,Empujar el balón hacia adelante tras la espalda en carrera.,5
Ataque,Técnica Individual,Cambios Dirección,Doble cambio. Debajo + delante,(Sin descripción específica),https://youtu.be/2n_uP5teyUA,9,0,Combo rápido de manipulación (ej. Tim Hardaway).,5
Ataque,Técnica Individual,Cambios Dirección,Doble cambio. Debajo / detrás,(Sin descripción específica),https://youtu.be/rQmSQJH269M,9,0,Combo estático avanzado para desequilibrar.,5
Ataque,Técnica Individual,Cambios Dirección,Dobles cambios,(Sin descripción específica),https://youtu.be/,8,0,Enlazar dos movimientos gestuales sin perder inercia.,5
Ataque,Técnica Individual,Cambios Dirección,Scissors step,(Sin descripción específica),https://youtu.be/PHGXx4MvmaM,7,0,Coordinación de pies en tijera simultánea al bote.,5
Ataque,Técnica Individual,Finalizaciones,Bump Finishing,(Sin descripción específica),https://youtu.be/vILg36gK4_Q,6,0,Buscar contacto físico previo para desplazar al defensor.,5
Ataque,Técnica Individual,Finalizaciones,Finta de pase,Cómo se hace: Se puede combinar...,https://youtu.be/4qA1pSBu-_s,5,0,Engañar ayuda defensiva extendiendo balón en la entrada.,5
Ataque,Técnica Individual,Finalizaciones,Floater,Cómo se hace: Por la izquierda...,https://youtu.be/yPEa9apF7Lk,8,0,Tacto suave (bomba) soltando balón en punto más alto.,5
Ataque,Técnica Individual,Finalizaciones,Perdida paso,Cómo se hace: Entrada con un solo apoyo...,https://youtu.be/3XmMCYGztrs,7,0,Lanzar a pie cambiado para romper el timing del taponador.,5
Ataque,Técnica Individual,Finalizaciones,Pinoy step,Finalización sencilla en la cual...,https://youtu.be/6rHbBtbsDzY,6,0,Finta de tiro arriba durante el primer paso de la entrada.,5
Ataque,Técnica Individual,Finalizaciones,Pro hop,Cómo se hace: Coincidir un último bote...,https://youtu.be/AcCbOGr_40I,7,0,Salto lateral o frontal a dos pies para ganar espacio y fuerza.,5
Ataque,Técnica Individual,Finalizaciones,Slow step finish,Cómo se hace: El primer paso...,https://youtu.be/XkINUe9s_Uk,6,0,Deceleración en el segundo paso para dejar pasar al defensor.,5
Ataque,Técnica Individual,Finalizaciones,Step thru,Cómo se hace: Parada en dos tiempos...,https://youtu.be/UNZthk3tsZw,6,0,Finta de tiro y paso cruzado por debajo del defensor.,5
Ataque,Técnica Individual,Finalizaciones,Veer,(Sin descripción específica),https://youtu.be/sZu7DoMVg1g,7,0,Entrada abierta buscando contacto tardío con el cuerpo.,5
Ataque,Técnica Individual,Pase,Pase por detrás espalda,(Sin descripción específica),https://youtu.be/AwY3iHeSQ7E,7,0,Pase oculto tras la espalda en movimiento.,5
Ataque,Técnica Individual,Pase,Pocket pass,(Sin descripción específica),https://youtu.be/6hz3uCXGgn8,6,0,Pase picado ajustado entre defensores (habitual en P&R).,5
Ataque,Técnica Individual,Poste bajo,Centro + fondo,(Sin descripción específica),https://youtu.be/tGC0oXxiUjg,5,0,Juego de pies engañando una dirección y saliendo por otra.,5
Ataque,Técnica Individual,Poste bajo,Fondo + centro,(Sin descripción específica),https://youtu.be/,5,0,Movimiento de pies atacando línea de fondo para volver al centro.,5
Ataque,Técnica Individual,Poste bajo,Quick spin,(Sin descripción específica),https://youtu.be/xgwTC0PBAz4,7,0,Giro explosivo línea de fondo aprovechando contacto.,5
Ataque,Técnica Individual,Poste bajo,Shoulder spin,(Sin descripción específica),https://youtu.be/z46VYVbd31o,7,0,Giro sintiendo la presión del hombro del defensor.,5
Ataque,Técnica Individual,Poste bajo,Up & under,Gesto técnico en poste bajo...,https://youtu.be/lE7ahKxdUWk,7,0,Finta de tiro arriba para pasar por debajo (McHale move).,5
Ataque,Técnica Individual,Salidas,Finta salida abierta + cambio delante,(Sin descripción específica),https://youtu.be/MR2O1U4yCII,6,0,Jab step seguido de crossover inmediato.,5
Ataque,Técnica Individual,Salidas,Karate kid,(Sin descripción específica),https://youtu.be/,5,0,Levantar rodilla para proteger espacio en la salida.,5
Ataque,Técnica Individual,Salidas,Negative step,(Sin descripción específica),https://youtu.be/qO7xfSPpt14,6,0,Paso atrás preparatorio para ganar impulso explosivo.,5
Ataque,Técnica Individual,Salidas,Salida cruzada + cambio por detras,(Sin descripción específica),https://youtu.be/3VAdZnpUL_I,7,0,Salida cruzada abortada con cambio de dirección.,5
Ataque,Técnica Individual,Salidas,Salida en reverso,(Sin descripción específica),https://youtu.be/,6,0,Girar sobre pie de pivote para salir (Spin out).,5
Ataque,Técnica Individual,Tiro,Inverted drag,(Sin descripción específica),https://youtu.be/Os4Irqju6RI,7,0,Arrastre de balón y pies para generar espacio.,5
Ataque,Técnica Individual,Tiro,Side step,(Sin descripción específica),https://youtu.be/Tf2qmZF9zgs,7,0,Paso lateral explosivo para buscar línea de visión.,5
Ataque,Técnica Individual,Tiro,Step back,Cómo se hace: Coincidir bote...,https://youtu.be/xxoC4LrVlV0,8,0,Salto atrás tras bote para separar al defensor (Harden).,5
Ataque,Táctica Individual,Juego con balón,Atacar la recepción. Estampida,(Sin descripción específica),https://youtu.be/RyMeBjwcP7Y,6,7,Atacar el balón antes de recibir para ganar ventaja.,5
Ataque,Táctica Individual,Juego sin balon,Danilovic cut,Corte a canasta que se realiza...,https://youtu.be/wMB9unuRw4I,4,8,Lectura de la espalda del defensor en lado fuerte.,5
Ataque,Táctica Colectiva,Bloqueo directo,Atacar cambio defensivo,(Sin descripción específica),https://youtu.be/,6,9,Reconocer el Mismatch y explotarlo (Grande vs Pequeño).,5
Ataque,Táctica Colectiva,Bloqueo directo,Atacar lado no bloqueo,(Sin descripción específica),https://youtu.be/jIRRUHfrxGA,7,8,Rechazar el bloqueo (Reject) por lectura defensiva.,5
Ataque,Táctica Colectiva,Bloqueo directo,Fintar bloqueo,Slip o fintar bloqueo...,https://youtu.be/uwikTfaNRh0,5,9,Slip: Lectura de la comunicación defensiva fallida.,5
Ataque,Táctica Colectiva,Bloqueo directo,Meter def en el bloqueo con bote,(Sin descripción específica),https://youtu.be/,6,7,Setup: usar el bote para alinear al defensa con el bloqueo.,5
Ataque,Táctica Colectiva,Bloqueo directo,Repick,"Situación táctica, que consiste en volver...",https://youtu.be/UhfqL1GDhwk,5,8,Paciencia para volver a usar el bloqueo si el 1º falla.,5
Ataque,Táctica Colectiva,Bloqueo directo,Roll corto,(Sin descripción específica),https://youtu.be/GAIpEDqYdQM,5,9,Short Roll: Quedarse a 4-5m para jugar 4vs3 (Playmaking).,5
Ataque,Táctica Colectiva,Bloqueo directo,Triangulación,(Sin descripción específica),https://youtu.be/,4,8,Juego de pases entre 3 jugadores tras bloqueo.,5
Ataque,Táctica Colectiva,Bloqueo indirecto,Abrise si def recorta,(Sin descripción específica),https://youtu.be/3kfhJX1Zh_Y,4,8,Lectura de la trampa defensiva (Top lock) para alejarse.,5
Ataque,Táctica Colectiva,Bloqueo indirecto,Continuacion del bloqueador,(Sin descripción específica),https://youtu.be/,3,7,Second action: Qué hace el que pone el bloqueo.,5
Ataque,Táctica Colectiva,Bloqueo indirecto,Cross screen,Bloqueo que se hace paralelo...,https://youtu.be/7akhpHLWBRU,4,7,Coordinación de tiempos para liberar al poste bajo.,5
Ataque,Táctica Colectiva,Bloqueo indirecto,Pin down,(Sin descripción específica),https://youtu.be/wTVBv-Nz_lQ,4,6,Bloqueo vertical hacia línea de fondo para salida de tirador.,5
Ataque,Táctica Colectiva,Bloqueo indirecto,Rizo,(Sin descripción específica),https://youtu.be/co7e9Iwi_50,6,7,Curl: Enroscarse alrededor del bloqueo si la defensa persigue.,5
Ataque,Táctica Colectiva,Bloqueo indirecto,Stagger,(Sin descripción específica),https://youtu.be/cfDWOPP5wdw,4,7,Doble bloqueo escalonado para tiradores.,5
Ataque,Táctica Colectiva,Bloqueo indirecto,Ucla,(Sin descripción específica),https://youtu.be/Yo-XLUZTtlQ,4,6,Bloqueo vertical en poste alto para corte al aro.,5
Ataque,Táctica Colectiva,Juego colectivo,Ataque a zona,(Sin descripción específica),https://youtu.be/,3,9,Sobrecargar áreas inversión rápida y atacar huecos.,5
Ataque,Táctica Colectiva,Juego colectivo,Higw-low,(Sin descripción específica),https://youtu.be/O_l27IMQ8pc,5,8,Conexión poste alto - poste bajo (Juego entre interiores).,5
Ataque,Táctica Colectiva,Juego colectivo,Repost,Situación táctica que consiste en volver...,https://youtu.be/-Wj8QcTeUJY,4,8,Volver a meter balón interior tras sacarlo (Defensa relajada).,5
Ataque,Táctica Colectiva,Mano a mano,Mano a mano + atacar,(Sin descripción específica),https://youtu.be/lpd_sfRcivg,5,7,Usar el cuerpo del compañero para penetrar.,5
Ataque,Táctica Colectiva,Mano a mano,Puerta atrás mano a mano,(Sin descripción específica),https://youtu.be/kcgcsvySCZ8,4,8,Lectura de la negación defensiva en el DHO.,5
Ataque,Táctica Colectiva,Mano a mano,Romper mano a mano con bote,(Sin descripción específica),https://youtu.be/6YE_NusAtlw,6,7,Atacar antes de la entrega si la defensa anticipa.,5
Ataque,Táctica Colectiva,Mano a mano,Tiro tras mano a mano,(Sin descripción específica),https://youtu.be/yZxWEhWDBoo,6,6,Salida rápida de tirador tras la entrega.,5
Ataque,Estrategia,Set VS Individual,(Sin conceptos específicos),(Sin descripción específica),https://youtu.be/,0,9,Sistemas específicos contra defensa hombre a hombre.,5
Ataque,Estrategia,Set VS Zona,(Sin conceptos específicos),(Sin descripción específica),https://youtu.be/,0,9,Sistemas específicos para romper zonas.,5
Ataque,Técnica Individual,Cambios Dirección,Doble cambio. Detras + delante,(Sin descripción específica),https://youtu.be/yc-biQM9C0Q,9,0,Fluidez de muñeca para recuperar balón tras la espalda.,6
Ataque,Técnica Individual,Cambios Dirección,Doble por detrás,(Sin descripción específica),https://youtu.be/CpLmBw6dqCU,9,0,Control ciego del balón sin referencia visual.,6
Ataque,Técnica Individual,Cambios Dirección,Doble. Under drag / delante,(Sin descripción específica),https://youtu.be/OmhBJSRWMKo,10,0,Máxima dificultad: cambio de ritmo altura y dirección simultáneo.,6
Ataque,Técnica Individual,Cambios Dirección,Entre piernas reverse,Cambio por debajo de las piernas de atrás hacia delante...,https://youtu.be/vatQiG8gUJ4,8,0,Stop and go avanzado: amago de pase por detrás y vuelta.,6
Ataque,Técnica Individual,Finalizaciones,Fake spin move,(Sin descripción específica),https://youtu.be/,8,0,Amago de reverso para volver al lado original (Dream Shake).,6
Ataque,Técnica Individual,Finalizaciones,Swing step,Cómo se hace: Hacer coincidir...,https://youtu.be/tpXmOT-K-Xk,8,0,Cruzar balón por encima de la cabeza para cambiar dirección (Euro).,6
Ataque,Técnica Individual,Poste bajo,Fade away,(Sin descripción específica),https://youtu.be/gU956iTOIFU,8,0,Tiro en suspensión saltando hacia atrás para crear espacio.,6
Ataque,Técnica Individual,Poste bajo,Inverted Up & Under,(Sin descripción específica),https://youtu.be/NozW-ZLkWKI,8,0,Finta de paso y tiro compleja de espaldas.,6
Ataque,Técnica Individual,Poste bajo,Mirotic up & under,Movimiento clásico de Mirotic...,https://youtu.be/6KaglEDamHY,9,0,Finta de tiro exterior tras pivote para penetrar.,6
Ataque,Técnica Individual,Poste bajo,Nowitzki shot,(Sin descripción específica),https://youtu.be/z_ISAZ5oF0g,9,0,Fade away a una pierna (flamenco shot).,6
Ataque,Técnica Individual,Poste bajo,Shimmy hook,(Sin descripción específica),https://youtu.be/OzBEfFQ1jhQ,8,0,Vibración de hombros para congelar defensa antes del gancho.,6
Ataque,Técnica Individual,Salidas,Parada 1T + salida cruzada. Causeur,Cómo se hace: Control de balón...,https://youtu.be/1VmKJAkrWnI,7,0,Timing de parada y arranque cruzado inmediato.,6
Ataque,Técnica Individual,Tiro,Punch drag,Es una acción para generarse espacio...,https://youtu.be/oq97z_vcGZ8,8,0,Finta de penetración agresiva y retroceso para tiro.,6
Ataque,Técnica Individual,Tiro,Under drag,Gesto técnico para generarse un espacio...,https://youtu.be/vUV2fjIXBFU,7,0,Cambio entre piernas con retroceso para tiro.,6
Ataque,Táctica Colectiva,Bloqueo directo,Boomerang pass,Acción táctica ante cambio en bloqueo...,https://youtu.be/xnbwnQn4ENk,5,9,Pase de ida y vuelta para castigar closeout del grande.,6
Ataque,Táctica Colectiva,Bloqueo directo,Bote atras + giro + pase,(Sin descripción específica),https://youtu.be/VQuMBKdeqMo,8,7,Técnica de escape ante traps (Nash dribble).,6
Ataque,Táctica Colectiva,Bloqueo directo,Gortat screen,(Sin descripción específica),https://youtu.be/CfFDgaYbSSM,5,8,Bloquear al propio defensor mientras se continúa (Seal).,6
Ataque,Táctica Colectiva,Bloqueo directo,In the jail,(Sin descripción específica),https://youtu.be/XBJ2NLtVmxM,7,8,Mantener al defensor en la espalda (Hostage dribble).,6
Ataque,Táctica Colectiva,Bloqueo directo,preuba tag1,(Sin descripción específica),https://youtu.be/,0,0,(Sin clasificar / Test).,6
Ataque,Táctica Colectiva,Bloqueo directo,Snake,(Sin descripción específica),https://youtu.be/B1fRnRtklwc,7,8,Driblar cruzando la pintura para sellar al grande.,6
Ataque,Táctica Colectiva,Bloqueo directo,Split,(Sin descripción específica),https://youtu.be/hE5FU07pPo0,8,7,Romper por medio de la defensa (entre los dos).,6
Ataque,Táctica Colectiva,Bloqueo directo,tag 2,(Sin descripción específica),https://youtu.be/,0,0,(Sin clasificar / Test).,6
Ataque,Táctica Colectiva,Bloqueo directo,tag 3,(Sin descripción específica),https://youtu.be/,0,0,(Sin clasificar / Test).,6
Ataque,Táctica Colectiva,Bloqueo indirecto,Flare screen,(Sin descripción específica),https://youtu.be/T4iyYag8974,5,8,Bloqueo ciego lateral para alejar al tirador del balón.,6
Ataque,Táctica Colectiva,Bloqueo indirecto,Hammer screen,(Sin descripción específica),https://youtu.be/hWDBFIfFTG0,4,8,Bloqueo ciego en lado débil simultáneo a penetración.,6
Ataque,Táctica Colectiva,Bloqueo indirecto,Ricky screen,Acción en la que un jugador...,https://youtu.be/zUbajGCPafQ,5,8,Re-screen: Usar bloqueo volver y usarlo al revés.,6
Ataque,Táctica Colectiva,Mano a mano,Fintar mano a mano + cambio dirección,(Sin descripción específica),https://youtu.be/,7,8,Fake Handoff: Engaño del grande (Keeper).,6
Ataque,Estrategia,Conceptos de juego,(Sin conceptos específicos),(Sin descripción específica),https://youtu.be/,0,10,Filosofía y reglas generales del equipo.,6
Ataque,Estrategia,Situaciones especiales ataque,"ATO. Saras FCB. Iverson, UCLA, postup",(Sin descripción específica),https://youtu.be/,0,10,ATO: Jugadas de pizarra tras tiempo muerto.,6
Defensa,Táctica Individual,Conceptos defensivos,Linea balón,(Sin descripción específica),https://youtu.be/nmOWLDIU7Eo,0,5,Regla: Estar siempre entre mi par y la canasta.,1
Defensa,Técnica Individual,Básicos defensa,Cambio chip ataque/defensa,(Sin descripción específica),https://youtu.be/,0,0,Mentalidad y reacción inmediata tras pérdida/canasta.,2
Defensa,Técnica Individual,Básicos defensa,Posición defensiva,(Sin descripción específica),https://youtu.be/IsQWaP8hPT8,4,0,Flexión centro de gravedad bajo y equilibrio.,2
Defensa,Técnica Individual,Defensa JCB,Actividad pies,(Sin descripción específica),https://youtu.be/,5,0,Mantenerse frente al balón constantemente.,2
Defensa,Técnica Individual,Defensa JCB,Defensa 1x1,(Sin descripción específica),https://youtu.be/,5,0,Contener al driblador (Contain).,2
Defensa,Técnica Individual,Defensa JCB,Desplazamiento lateral,(Sin descripción específica),https://youtu.be/TtADmDI210U,5,0,Slide defensivo sin cruzar pies.,2
Defensa,Táctica Individual,Conceptos defensivos,1x1 jugador bote agotado,Una vez que el jugador con balón...,https://youtu.be/2oAomg8r7NM,0,5,"Presión máxima ""sin falta"" (Dead ball).",2
Defensa,Táctica Individual,Conceptos defensivos,1x1 jugador un no ha botado,(Sin descripción específica),https://youtu.be/,0,5,Gestión de distancia (No ser superado por primer paso).,2
Defensa,Estrategia,Defensa individual,(Sin conceptos específicos),(Sin descripción específica),https://youtu.be/,0,5,Man to man: Responsabilidad directa 1 contra 1.,2
Defensa,Técnica Individual,Básicos defensa,Balance defensivo,(Sin descripción específica),https://youtu.be/,3,0,Esfuerzo y comunicación para volver a proteger aro.,3
Defensa,Técnica Individual,Básicos defensa,Coordinacion pies,(Sin descripción específica),https://youtu.be/mZxMWfDgDfI,6,0,Agilidad y frecuencia de apoyos defensivos.,3
Defensa,Técnica Individual,Básicos defensa,Rebote defensivo,(Sin descripción específica),https://youtu.be/iQhkjgJpedk,5,0,Técnica de bloqueo de rebote (Box out).,3
Defensa,Técnica Individual,Defensa JCB,Actividad manos,(Sin descripción específica),https://youtu.be/,4,0,Molestar bote y líneas de visión sin hacer falta.,3
Defensa,Técnica Individual,Defensa JCB,Closeout,Habilidad de defensa individual...,https://youtu.be/Qvse8NnBOwc,6,0,Sprint + Pasos cortos de aproximación + Manos arriba.,3
Defensa,Técnica Individual,Defensa JCB,Recuperación defensiva,(Sin descripción específica),https://youtu.be/,5,0,Capacidad de volver a la posición tras ser superado.,3
Defensa,Técnica Individual,Defensa JCB,Robo mano mismo lado,(Sin descripción específica),https://youtu.be/nbhjjAHSkIA,5,0,Atacar el bote desde el lado fuerte.,3
Defensa,Técnica Individual,Defensa JSB,Defensa cortes,(Sin descripción específica),https://youtu.be/,4,0,Uso del cuerpo (Body check) para impedir cortes limpios.,3
Defensa,Técnica Individual,Defensa JSB,Linea de pase abierta,(Sin descripción específica),https://youtu.be/,3,0,Orientación permitiendo recepción pero disuadiendo.,3
Defensa,Técnica Individual,Defensa JSB,Saltar y cambiar,(Sin descripción específica),https://youtu.be/,5,0,Jump to the ball: Ajuste posicional según movimiento balón.,3
Defensa,Táctica Individual,Conceptos defensivos,1x1 jugador botando,(Sin descripción específica),https://youtu.be/,0,5,Orientación: Llevar hacia banda/fondo o ayuda.,3
Defensa,Táctica Individual,Conceptos defensivos,Lado ayuda,(Sin descripción específica),https://youtu.be/julSrmhuziE,0,8,Posicionamiento en triángulo defensivo (Weak side).,3
Defensa,Táctica Individual,Conceptos defensivos,Lado balón,(Sin descripción específica),https://youtu.be/,0,7,Defensa activa sobre balón y línea de pase fuerte.,3
Defensa,Táctica Individual,Conceptos defensivos,Orientar atacante,(Sin descripción específica),https://youtu.be/,0,7,Forzar al ataque hacia su mano debil o ayudas.,3
Defensa,Táctica Individual,Conceptos defensivos,Primera ayuda,(Sin descripción específica),https://youtu.be/,0,8,Responsabilidad del defensor más cercano al balón.,3
Defensa,Táctica Individual,Conceptos defensivos,Triangulos defensivos,(Sin descripción específica),https://youtu.be/,0,8,Geometría básica: Yo-Balón-Mi hombre.,3
Defensa,Técnica Individual,Defensa JCB,Crosstep,Acción técnica defensiva...,https://youtu.be/N69lxsiE26A,6,0,Paso de caída/cruzado para recuperar posición.,4
Defensa,Técnica Individual,Defensa JCB,Fintas defensivas,(Sin descripción específica),https://youtu.be/,4,0,Stunt: Amagar ayuda y recuperar (Jab defensivo).,4
Defensa,Técnica Individual,Defensa JCB,Robo en cambio por delante,(Sin descripción específica),https://youtu.be/Aa57lu6-ocQ,6,0,Timing para meter la mano en el crossover.,4
Defensa,Técnica Individual,Defensa JCB,Robo mano cruzada,(Sin descripción específica),https://youtu.be/_ZDGMam0sxo,6,0,Atacar el bote con la mano opuesta.,4
Defensa,Técnica Individual,Defensa JSB,Linea de pase cerrada,(Sin descripción específica),https://youtu.be/,4,0,Denial: Negación agresiva con mano en línea de pase.,4
Defensa,Técnica Individual,Defensa poste bajo,Por detrás,(Sin descripción específica),https://youtu.be/BCocLyP06Dg,3,0,Defensa posicional sólida aguantando el contacto.,4
Defensa,Táctica Individual,Conceptos defensivos,Body Check,(Sin descripción específica),https://youtu.be/2l9apSw6Wg8,0,6,Contacto físico legal para frenar cortes.,4
Defensa,Táctica Individual,Conceptos defensivos,Colapsar espacio,(Sin descripción específica),https://youtu.be/,0,7,Cerrarse sobre penetraciones (Shrink the floor).,4
Defensa,Táctica Individual,Conceptos defensivos,Fintas entre exteriores,(Sin descripción específica),https://youtu.be/wO0Ju9SV_k,0,6,Ayuda corta y recuperación (Stunt).,4
Defensa,Táctica Individual,Conceptos defensivos,Robar espacio,(Sin descripción específica),https://youtu.be/,0,6,Achicar espacios cuando el balón se aleja.,4
Defensa,Táctica Colectiva,Defensa BD,Cambio,(Sin descripción específica),https://youtu.be/HEqyp15Y1_Q,0,5,Switch: Intercambio de marcas (Comunicación).,4
Defensa,Táctica Colectiva,Defensa BD,Defensa BD,(Sin descripción específica),https://youtu.be/,0,5,Concepto general de defender el Pick & Roll.,4
Defensa,Táctica Colectiva,Defensa BD,Flat,(Sin descripción específica),https://youtu.be/,0,6,Grande se hunde (Drop) para proteger pintura.,4
Defensa,Táctica Colectiva,Defensa BD,Perseguir bloqueo.,(Sin descripción específica),https://youtu.be/,0,6,Pasar el bloqueo por arriba (Chase) molestando tiro.,4
Defensa,Táctica Colectiva,Defensa BD,Por detrás de 3º,(Sin descripción específica),https://youtu.be/,0,5,Pasar bloqueo por debajo (Under) regalando el tiro.,4
Defensa,Táctica Colectiva,Defensa BI,Cambio en BI,(Sin descripción específica),https://youtu.be/,0,5,Simplificación defensiva cambiando asignaciones.,4
Defensa,Táctica Colectiva,Defensa BI,Perseguir BI,(Sin descripción específica),https://youtu.be/,0,6,Chase: Seguir al tirador negando el tiro inmediato.,4
Defensa,Táctica Colectiva,Presión,2X1 frente,(Sin descripción específica),https://youtu.be/,0,7,Trap frontal visible para forzar pase bombeado.,4
Defensa,Táctica Colectiva,Presión,Presión toda pista,(Sin descripción específica),https://youtu.be/,0,7,Full court press (Desgaste físico y mental).,4
Defensa,Estrategia,Normas defensivas,(Sin conceptos específicos),(Sin descripción específica),https://youtu.be/,0,9,"Reglas de equipo (ej. ""no middle"" fondo).",4
Defensa,Técnica Individual,Defensa poste bajo,2x1 poste bajo,(Sin descripción específica),https://youtu.be/K6JNIcU2zPA,4,0,Técnica de trap sin hacer falta (Muro).,5
Defensa,Técnica Individual,Defensa poste bajo,3/4,(Sin descripción específica),https://youtu.be/I6TUYZKrUs8,5,0,Defender línea de pase parcialmente por delante.,5
Defensa,Técnica Individual,Defensa poste bajo,Anticipar,(Sin descripción específica),https://youtu.be/,6,0,Leer la intención de pase para interceptar.,5
Defensa,Técnica Individual,Defensa poste bajo,Por delante,Acción defensiva que consiste...,https://youtu.be/DkA3b7K7XdI,6,0,Front defense: Negación total de recepción interior.,5
Defensa,Táctica Individual,Conceptos defensivos,Fintas a jugador interior,(Sin descripción específica),https://youtu.be/kcstjy4hsS4,0,7,Dig: Finta de ayuda sobre poste bajo y recuperación.,5
Defensa,Táctica Individual,Conceptos defensivos,Last,(Sin descripción específica),https://youtu.be/,0,9,Ser el último hombre (protector del aro) en rotaciones.,5
Defensa,Táctica Individual,Conceptos defensivos,Rotación defensiva,(Sin descripción específica),https://youtu.be/,0,9,Movimiento coordinado del equipo tras una ayuda (X-out).,5
Defensa,Táctica Colectiva,Defensa BD,Negar,(Sin descripción específica),https://youtu.be/,0,7,Ice/Blue: Impedir el uso del bloqueo central o lateral.,5
Defensa,Táctica Colectiva,Defensa BD,Push y pasar de 4º,(Sin descripción específica),https://youtu.be/wJaIUUZV2-0,0,6,Similar al ICE: empujar hacia banda negando centro.,5
Defensa,Táctica Colectiva,Defensa BD,Show,(Sin descripción específica),https://youtu.be/h8tli_uofz0,0,7,Hedge: El grande sale agresivo a frenar balón y recupera.,5
Defensa,Táctica Colectiva,Defensa BD,Trap 2x1,(Sin descripción específica),https://youtu.be/,0,8,Blitz: Dos defensores saltan al balón para forzar error.,5
Defensa,Táctica Colectiva,Defensa BI,Recortar BI,(Sin descripción específica),https://youtu.be/KMDRDIccNxo,0,7,Shoot the gap: Pasar entre bloqueo y compañero (atajo).,5
Defensa,Táctica Colectiva,Defensa BI,Top lock,Técnica defensiva que consiste...,https://youtu.be/gDrHPRqWVp4,0,8,Negar la salida del bloqueo colocándose encima.,5
Defensa,Táctica Colectiva,Defensa en zona,Defensa en zona,(Sin descripción específica),https://youtu.be/,0,6,Defensa de espacios en lugar de hombres.,5
Defensa,Táctica Colectiva,Defensa en zona,media pista,(Sin descripción específica),https://youtu.be/,0,7,Zona estática (2-3 3-2 1-3-1).,5
Defensa,Táctica Colectiva,Defensa en zona,pista completa,(Sin descripción específica),https://youtu.be/,0,8,Pressing zonal para ralentizar o robar.,5
Defensa,Táctica Colectiva,Defensa en zona,zona impar,(Sin descripción específica),https://youtu.be/,0,7,3-2 o 1-3-1 (Defensa fuerte en perímetro).,5
Defensa,Táctica Colectiva,Defensa en zona,zona par,(Sin descripción específica),https://youtu.be/,0,7,2-3 (Defensa fuerte en rebote e interior).,5
Defensa,Táctica Colectiva,Presión,2x1 espalda,(Sin descripción específica),https://youtu.be/,0,8,Trap ciego desde atrás (sorpresa).,5
Defensa,Táctica Colectiva,Presión,Saltar y cambiar,(Sin descripción específica),https://youtu.be/,0,8,Run & Jump: Sorpresa en bote lateral para cambiar marca.,5
Defensa,Estrategia,Defensa zona,(Sin conceptos específicos),(Sin descripción específica),https://youtu.be/,0,6,Estrategia de protección de espacios.,5
Defensa,Táctica Colectiva,Defensa BD,Next,(Sin descripción específica),https://youtu.be/ourxfEYtceM,0,9,Rotación agresiva del defensor más cercano (anticipación).,6
Defensa,Táctica Colectiva,Defensa en zona,mixta,(Sin descripción específica),https://youtu.be/,0,8,Caja y uno / Triángulo y dos (Zonal + Individual).,6
Defensa,Táctica Colectiva,Defensa en zona,mutante,(Sin descripción específica),https://youtu.be/,0,9,Match-up zone: Zona que se ajusta a principios individuales.,6
Defensa,Estrategia,Situaciones especiales defensa,(Sin conceptos específicos),(Sin descripción específica),https://youtu.be/,0,10,Defensa de últimos segundos / Saques banda.,6